place_id,proposed_latitude,proposed_longitude
ChIJi13l_QKb4jARoHtRLn5zUU4,13.8363468,100.4873203
ChIJMYXXB2qb4jARr0eTzasz0c4,13.8258724,100.4872491
ChIJs0PnRKqb4jARMXBS1HEo9zM,13.8259485,100.487977
ChIJmVA3TKqb4jARN17OjfT926g,13.8253262,100.4882742
ChIJVevJsqeb4jARvQ7r-5xc5LE,13.8242389,100.4977469
ChIJwcFivKeb4jARP_cigXAfqJE,13.8261867,100.4974829
ChIJ5ebG1bGb4jARlF7EMUWoZcA,13.8161259,100.4927602
ChIJ_b_bJACb4jARDJkLc_5Vmoc,13.8133603,100.4917276
ChIJEU7de4mb4jARFRDdfhNaVV8,13.8494653,100.4575678
ChIJvU2cm4ya4jARsQPfOq4mdXI,13.8351561,100.4606012
ChIJaxm76I-a4jARI8iT8mz3dlk,13.8391383,100.4518531
ChIJb62oR_ia4jARbVGnsDVl5Lg,13.8392636,100.44072
ChIJVVVVVZKa4jARezWND7OQYZ8,13.8452867,100.4614456
ChIJm69tBZaa4jAR3YSTYilgRa0,13.8515303,100.4558997
ChIJRxy29Q6b4jARyezTHPRLgK8,13.8451042,100.4548323
ChIJp0JNoCSb4jARbpWN899iJbI,13.8481397,100.4620285
ChIJhQRXJp-a4jARJAAz5g8Y090,13.8505297,100.4445269
ChIJ5b1Ur7ya4jARimKcQ6egzvI,13.8576154,100.4515363
ChIJ7SXNgLqa4jARHlFj97HElKE,13.8629291,100.4536791
ChIJVRf77bWa4jARdwne73TMhwo,13.8695188,100.4607542
ChIJiZSNQk-b4jARn1DCRe1v560,13.8625111,100.5144365
ChIJQ-149UuF4jARTr_9aN29XpM,13.8794963,100.4565714
ChIJY8JuucCa4jARvoWxCcqNub4,13.8561987,100.4629118
ChIJJR2bIVKF4jAR0QRGdbxCCiI,13.8809048,100.4490766
ChIJCY2kY-mF4jAR3-9Yx4GQc-Q,13.8831411,100.4554177
ChIJOe6sZC6F4jARkmNQA0sP1pE,13.8841707,100.4528412
ChIJl0yl8EWF4jAReoHvVRm0Hi0,13.8892151,100.4448199
ChIJj8tBNZWa4jARWMavRCC8tbc,13.850456,100.462053
ChIJh1M1gbOb4jARMhUSM4vnV6s,13.8105642,100.4871345
ChIJIR7tl1qa4jARzmhCrz87Ldw,13.8186102,100.4724929
ChIJ4ZKrvUma4jARarue_71k54Y,13.8299363,100.4746576
ChIJ4ZKrvUma4jARQu9OiRnGjus,13.829483,100.470539
ChIJ6bxH0_ea4jARTE_AM3-R2ps,13.8258938,100.4746434
ChIJrxYOj3yb4jARkVsP2DLqxNg,13.8262854,100.4776553
ChIJ0zWsJVOa4jARf61VrIslBmc,13.8200577,100.4837881
ChIJT5ntB02a4jARLG5LMv5p960,13.8145673,100.4818599
ChIJ4cVWG0Ca4jARuYecIQb0S74,13.819331,100.4590655
ChIJx6jkEACb4jARnB5bRRYWPs8,13.80515,100.5041853
ChIJSe2-T0Sa4jARwJQB8mgZ97s,13.8134652,100.4691511
ChIJS0CEx2ua4jARr1vWwLeAYT8,13.8106388,100.4584427
ChIJYz5C21ya4jARG8zEmS0JlVg,13.8181946,100.4660294
ChIJgSecLXua4jARSKBMyVXG6HE,13.8227577,100.450807
ChIJ-beD1mSa4jARso8-1h4X8o8,13.821167,100.4512605
ChIJczG9DZ-a4jARk2C2qJLPoUc,13.8512074,100.4432804
ChIJ3VY6NHya4jARBJzsqn7UyqA,13.8265866,100.4464389
ChIJL9f4CIGQ4jARZ6h_ednKNfE,13.8278064,100.4366573
ChIJGzJKNIaQ4jARBIPL2zdPe6E,13.8275221,100.430218
ChIJSRv2ECSb4jARN3KabpehGxs,13.803404,100.4591365
ChIJM2v1VVaR4jARnisju31zq_o,13.8032365,100.3632188
ChIJi6yXcGaQ4jAR8p8fNMMZbps,13.8399528,100.4227533
ChIJ29sLFkGQ4jARNxN5HpxG9OA,13.8501492,100.4130773
ChIJFevLEdiP4jARa-YTs4tQEbU,13.8782552,100.4090044
ChIJRwofhgaR4jARhLvYRVCmSb4,13.827359,100.3860955
ChIJt9sC7GeR4jARbMYEoEhj6xk,13.8565342,100.4108641
ChIJvzIsG2eQ4jARZaACmR8yFxY,13.830364,100.3998016
ChIJg58GXiKQ4jARSH2gT59ZUfo,13.8685897,100.415749
ChIJ5XV6T0WQ4jARHQeVZExJV9Y,13.842068,100.4052814
ChIJU5KFLVmQ4jAR9GVKpTf0Qp4,13.8345146,100.4114151
ChIJK3KHjCKQ4jARhZCs0k-news,13.8363015,100.4130048
ChIJFxf5AGaQ4jARNQJn8m3bJwI,13.8420522,100.4226515
ChIJ4Zx1XkKQ4jARItPMjtUWFdg,13.8461095,100.4163871
ChIJ53lTTO_W4jARTOajKHa5BAo,13.4717776,99.9632555
ChIJM8dWWziQ4jARjLZ3ifRmplc,13.8815777,100.3764843
ChIJW_x4jSKQ4jAR69Q9MSmua8s,13.8743594,100.4045422
ChIJv8swCd-R4jAR9_3z83Im29I,13.8769061,100.3773811
ChIJlUVw4fGN4jAR_3D5i_85Xuc,13.9239263,100.3494338
ChIJVwaDE9yR4jARIj77u8siIow,13.871605,100.376769
ChIJ0SuocLOR4jARAdFNz7To4Rw,13.8485082,100.3923077
ChIJ1a2r-5aR4jARZW6_b-fHUCI,13.847898,100.368931
ChIJC0QY-t2R4jARFR1o9sdWrME,13.8719169,100.3714854
ChIJ5bX7N2uO4jARSuIruF8mwHs,13.9025984,100.3680174
ChIJX4XtijOQ4jARFT9wbpd2WQw,13.860497,100.398795
ChIJSUfVJyiQ4jAR_gfNPFwjckM,13.8771674,100.4038515
ChIJ_0GT3kiQ4jAR4zo5r_aRRFY,13.8500262,100.4025001
ChIJWQFYXgCR4jAR9RB8l2ZcB4Q,13.858075,100.410201
ChIJsd_X77qR4jARRkKuGgxl3vE,13.8395884,100.3560475
ChIJ4WPmnmyQ4jARYEz_ddPN6f4,13.851991,100.4230447
ChIJJxbSVaCa4jAR-j6sb75ppts,13.855518,100.442153
ChIJi62DfQ6b4jARLwO6wkiuTBY,13.8532766,100.4302255
ChIJodb8-hGQ4jARcFJ8Hshmils,13.8609389,100.4281418
ChIJ_____4-R4jARQNWh8Qy-lYg,13.8447142,100.436146
ChIJ7yEfVTKR4jARMVR6sPYJjsw,13.8370649,100.3918423
ChIJXcuNfcaR4jAR1btfGBrzgPs,13.8449185,100.3812416
ChIJH65cGoOR4jARCqYhpqAeNoc,13.8370579,100.3593246
ChIJJ8pJICqS4jAR_5braUxnBos,13.8398623,100.3482775
ChIJBxnz9deR4jAR7PaHdnjF15I,13.8771092,100.4038174
ChIJIypQAS6S4jARhRomuYiS5Ms,13.840393,100.338854
ChIJ3SMHVm6S4jARCYgHHJfPbWo,13.8666636,100.3193076
ChIJ40GYDzKS4jARqEUunMwt93o,13.8772684,100.3315039
ChIJ6YEUVlST4jARyg3wDsjfJAo,13.8354179,100.3151444
ChIJgYmjlsWT4jARxXm55aKajyQ,13.87013,100.29945
ChIJEYNWUY-S4jAR1iuWvkrSreE,13.8981752,100.4855459
ChIJ6_lC9OSR4jAR8-f5dWx3ITA,13.8714172,100.3636111
ChIJXzv_eR2P4jARs4m01m6DcXY,13.9372111,100.3940967
ChIJd9roGauP4jARXCOSy1AtjV4,13.9262179,100.4057902
ChIJexmYT3-P4jARiOve-_hYCJU,13.9223323,100.4337713
ChIJba8dywiP4jARy-MN-lFRU5g,13.9284229,100.4074394
ChIJXRxIOQOP4jAREMHS2Po4IzY,13.933248,100.3994438
ChIJ7Y6Q59aO4jARotgK729Bkw4,13.9615823,100.3904953
ChIJYRfqnfCP4jAREQaWdH2l_DM,13.9324752,100.3845469
ChIJiXx_B8OP4jAREK6R6TRt8Lg,13.926183,100.4182996
ChIJoRzMSgCP4jARfQIdWKRyG_M,13.958565,100.3602687
ChIJCz5DrK-O4jARhmM69SNQJRk,13.9569793,100.3641469
ChIJTZdJVveM4jAR_AEi8xGq6WM,13.9389061,100.3000086
ChIJ81zdRseO4jAR2hMc4F-5gIg,13.9540862,100.3734541
ChIJRXbGx8eO4jARw6qImzzZOjA,13.957466,100.3742872
ChIJg9ZF-bqO4jARH5vm4l_1y9k,13.9567802,100.3635393
ChIJ4RfQttiO4jAR-WHO2LKUHGI,13.9532116,100.395128
ChIJ25gysiiP4jARv_KINl1qGrQ,13.9164761,100.3807219
ChIJAQrg_nCP4jARoXX4oZXK5Q0,13.9333236,100.4163339
ChIJwSZeSbqP4jAR3xFh-ysIYe4,13.9401957,100.4061588
ChIJB1yQUQSP4jARHTdabGJO3YY,13.9393381,100.3908861
ChIJq9GzyESP4jARYqYMuj6cWVA,13.9382843,100.3921775
ChIJXTLA9gOQ4jARFwGEj4AnOm8,13.8706467,100.4331883
ChIJXyGztI2P4jART8Agnw-rNYk,13.9420266,100.4261075
ChIJa3bv3qya4jARz4TxTStkdDE,13.8740179,100.4478244
ChIJ7Tl0KT6F4jARhGsUe3xbWn4,13.8790318,100.4462507
ChIJsQXCTgGF4jARrB_citvhZFE,13.9156322,100.478515
ChIJwWGK4f-P4jARUo39dpQtNbY,13.8758574,100.4386037
ChIJPyB4gxqQ4jARpmrjunO01jw,13.8659696,100.4257884
ChIJY00SleuR4jARLr8w2qdqDMM,13.809319,100.4267123
ChIJgxWGrByQ4jAR4wyfcm9TehM,13.8709937,100.428262
ChIJmzP7Ls-P4jARzIM0K2gFPkw,13.9015795,100.3526294
ChIJDbq212yO4jARisHHhcyKBR0,13.905134,100.3637662
ChIJqb_ROW6O4jARm3NaMExARjM,13.9100937,100.3620937
ChIJ143uFYSR4jAR2mZt8ODaa68,13.840503,100.3563577
ChIJk4trKWaO4jARzbpqWNmyqaA,13.911057,100.3689335
ChIJ3SfYkvOO4jARm9OvsWUPWwg,13.9312334,100.3760833
ChIJBdZLjHaO4jARPPVR_VO4LGI,13.9093439,100.3531708
ChIJgxZo9t6N4jARWk-QeM5hr-Q,13.9073639,100.3442368
ChIJlzT876SN4jARTgCvwXLujtA,13.9273324,100.3384268
ChIJsxIjHsSP4jAREbaqN4xknPQ,13.8889896,100.3552463
ChIJ69TyYTGP4jAR9EA4DGfp7_A,13.9364556,100.4194758
ChIJKfa42OCP4jARVtS_rpE_J08,13.9288484,100.4309555
ChIJYQL2dmOP4jAR5-tekPNlRN8,13.9359207,100.4349793
ChIJswTnKGCP4jARV-ZfO7JY64M,13.940232,100.439758
ChIJRezU_D6P4jAR0XfpRm8wOwU,13.9506342,100.4110909
ChIJU4Z8PdGI4jARCetXXHFwm7Y,13.9762235,100.4023371
ChIJJyZ7tyWJ4jAR9Jaa89IeH0Y,13.9832956,100.3874307
ChIJcxYhPCKP4jARU2tS4hLd72Y,13.9480287,100.4014481
ChIJZQgFls2J4jARvPhUf96t__8,13.9617358,100.4004632
ChIJWUEucvOP4jAR7M3FsUcjTy8,13.9477512,100.4054942
ChIJvznpIPmP4jARfU99-HclIH0,13.9412448,100.3863191
ChIJf0KP8_eF4jARFZ7A2zO1j_8,13.9557378,100.440519
ChIJ3cB5BE2P4jARSyiFfkeYFu4,13.9744306,100.4097743
ChIJKVu5_DKP4jARV-BWT9_97Ss,13.9665822,100.4083391
ChIJPeqm_tiI4jARlf8p3ebh41g,13.9832444,100.3984583
ChIJZ35z1Y2F4jARNGqJYxeuCFQ,13.9380513,100.4492871
ChIJ7ZVpsdyP4jARkbdKQzt5SH8,13.8879906,100.4125248
ChIJmUutSOKP4jARnYi6KASr4IY,13.8794243,100.4249021
ChIJcWBf3miO4jARcLVSgKFmXnQ,13.9106222,100.3678614
ChIJ-6IHLRCP4jARCSHflYguEWc,13.887965,100.4192726
ChIJXWnZEbOP4jARVBnrGI_JLyc,13.9081601,100.3968069
ChIJy9NhZ96P4jARyl86McuRK_0,13.9013953,100.3969258
ChIJ3_qU80aO4jAR3F5GFEOhlLg,13.9049112,100.3801586
ChIJ4UteKlaO4jARLizmE_eV9OA,13.9240964,100.3867328
ChIJKTz5yDyB4jARs-WzihziOlI,13.9113698,100.3754057
ChIJQXF9UgCP4jARwWGYSObszFg,13.909587,100.3849669
ChIJ71awB7-E4jAR79lvK9b6N2M,13.9326936,100.5407804
ChIJqafbod6P4jAR9KdvEyArrHk,13.8824445,100.4129352
ChIJqTwW6ISP4jAR6OMtYjWxhy4,13.8809615,100.414956
ChIJTSSgBh2M4jARNxqUPFvmv5A,13.957287,100.3476056
ChIJt4419vaL4jARbGSplih4gMA,13.9768231,100.3539219
ChIJwxwAsQeM4jAR_S7m3mKsQws,13.9703235,100.3413246
ChIJp1FdtmeN4jARZb7ip6xFwn0,13.9606468,100.3312167
ChIJ65hd1RGL4jARBTzrc7GIR9I,13.9744293,100.3348294
ChIJvzHFgfSL4jARwvtfszp7Kfo,13.9777097,100.3297312
ChIJlbNitPeL4jAR_1NcrcKLZg8,13.9736377,100.33592
ChIJVdlB4pGL4jARaNBKnCHzgWs,13.9855638,100.320456
ChIJr6vl0NyL4jARc3uK3pD_ehA,13.9885525,100.3265636
ChIJseySA46L4jARmnwbBrC6E3U,13.9836147,100.3213974
ChIJT1lrTOWL4jAR7s7xn8FonKo,13.9834705,100.3395804
ChIJW_FccP6L4jARqLN1tyvNzKw,13.9861811,100.3277156
ChIJFeu514WL4jAR5LKpJuiWA1I,13.9787845,100.3136456
ChIJ19tbxHCN4jARWJw8jYTla3o,13.9455139,100.3451856
ChIJO5p5G6CO4jARQeXgHjqGfpM,13.949023,100.3509008
ChIJwxtrZguL4jARyX0K7YvKD_E,14.0449881,100.3105679
ChIJ_69EHNlh4jARE6LTqOe3Ii8,14.0675065,100.3202306
ChIJr-A9tcqL4jARCcj__veBYoE,14.0424357,100.3117784
ChIJd_i2WABh4jAR5F1k2BN_24M,14.0994865,100.3409744
ChIJzz-ThX2J4jARL1Kf_3Dcb9o,14.0091433,100.3502938
ChIJJ94Q76Fh4jARVZg-ijnkTn4,14.1041291,100.3250444
ChIJ5S9eFbmN4jARaQrhKo2rIis,13.8892568,100.3354134
ChIJrwSKmHaS4jARUsmT6bm3aGA,13.9156775,100.327592
ChIJGxWmmnaS4jARfhU3_O9O6Ns,13.8878285,100.305712
ChIJDXhzAgeN4jARDb_RfPY2Nfg,13.9192534,100.3014861
ChIJPxg8gvKK4jARStVuCRdhGWU,14.0388279,100.2929344
ChIJK7iT9OVh4jARYnpROrVc9NU,14.1066313,100.3022968
ChIJk7yuOfiE4jARDD3h8jUJSZk,14.1058134,100.2839377
ChIJu6YYpTmL4jARUtAIizFAy4g,14.0011505,100.2734168
ChIJzb-ruN-K4jARBE45Zh8gxWU,14.0211045,100.2809306
ChIJ9cwsZQKL4jARjIVyvuYzKH8,14.018284,100.2983423
ChIJgxCntHGL4jARx17QvapC0rI,13.9880332,100.2953997
ChIJg77SPdyL4jARrFHngLHuHLQ,13.9971806,100.2770887
ChIJaeRAgTaK4jARV25Imk-ctOY,14.023956,100.3304154
ChIJq5pmrm2L4jARKEfuUqJnj2o,13.9932588,100.2912823
ChIJ8fcOYtyM4jARxi5baaHJ__c,13.9370741,100.2778329
ChIJR0-sdhmN4jARN2Rk9kcG5kE,13.946684,100.3190153
ChIJy3NyBFCM4jARaEPueZ4DiaM,13.9580626,100.3078605
ChIJjy3pLD-M4jAR4UwNT8oIdVk,13.94373,100.3299399
ChIJN5GfFCeM4jARzH_8vVtzkyI,13.9409943,100.3483081
ChIJ7cGa1UWE4jARwROWMsT73gw,13.9362633,100.4984699
ChIJ-0DfjHSF4jARowvFbKtRXiM,13.9535858,100.4797447
ChIJjS1ScfiE4jAR8LKzFs7EuNw,13.9188448,100.4941125
ChIJnd0Thi-F4jARMntw4RaJAGA,13.9158747,100.4940526
ChIJ5cd3j1KE4jARPlQXXohjLtE,13.9300805,100.4869323
ChIJw15zfVaF4jAR8pM6KiF7tKg,13.9173078,100.4854499
ChIJNXF4CqyF4jARCNN9PNozSYk,13.9258306,100.4801547
ChIJHSDrLqyF4jAREoGOqbTR0GQ,13.9277866,100.4791886
ChIJMXyJNVSE4jARk4CGXkUytJY,13.9222782,100.4889322
ChIJzaGOqquF4jARnKtAMKjODBE,13.922789,100.48176
ChIJuRwjznmF4jAR1PyfrPTKSvE,13.8946462,100.4522284
ChIJJx72GhOF4jARjaGr34F4Da8,13.9056174,100.4640128
ChIJaQKEHEGF4jARuq83Ni4ZXJ8,13.8952627,100.4542765
ChIJjY45PxeF4jARa3tspWXIrls,13.9017562,100.4718421
ChIJpeFARhiF4jARUMtv3L9iRm4,13.8993111,100.4748959
ChIJgZ21Q-CE4jAR03wleXl2k3Q,13.8982849,100.4865002
ChIJAQAAABWF4jARDaHIxAcATgQ,13.8968594,100.4887908
ChIJAQAAABWF4jARDN-PDv2byyM,13.8921583,100.4752349
ChIJLYzRURiF4jAR8Nrv6vXDFPU,13.8996499,100.4753599
ChIJLfejGvyE4jAR5N6GnssfuNw,13.9130522,100.4895075
ChIJhfp0UIGF4jARPrSrBOliqLY,13.9064239,100.483248
ChIJq7Cn9_uE4jARA90O754Hwh0,13.9138654,100.4832935
ChIJUztYCfyE4jAR5hCxSqtfOnA,13.9126482,100.4899559
ChIJGYzIo2eF4jARz27nkzon_Fk,13.9011101,100.4484192
ChIJQ6oAq2mF4jARpCWPlbUdpgs,13.9001335,100.4541031
ChIJuVBB_gyF4jARrAacfCDoQo4,13.9117593,100.465027
ChIJ5Y07ZQCF4jARmt0hUEawf1A,13.9473963,100.4714312
ChIJg0pRewCBHTERWo5_srS7SUo,13.9386983,100.4541303
ChIJiQr-X_-F4jARnOlHHJ88RSY,13.9020295,100.4921524
ChIJ2bibJqyF4jARH1RyJsAJafs,13.9649215,100.4573324
ChIJ6TwmlvCE4jARrXFTP0IoUEk,13.9755903,100.4086541
ChIJq-rfMceI4jARDKtK1VPT6Q4,13.9848828,100.4152592
ChIJX_3X2uGF4jARIMAb1klkxHc,13.9870946,100.3892482
ChIJK6XJs_iF4jARx0R7ozBTUT8,13.9603366,100.4401579
ChIJxWpk2fSR4jARaVo83n3kHWA,13.8631088,100.419237
ChIJN3YK0WqQ4jARWIRS-vs-ti8,13.8530846,100.4193268
ChIJo_73CNiP4jARlfrZZWHZe4o,13.8769393,100.406508
ChIJha5-qSeQ4jARcwdSHd6WyCM,13.8746631,100.4085588
ChIJLW2L_taP4jARkxs6BpaY7tw,13.8699968,100.4064131
ChIJlcWsJtaR4jARPYjjFvN8oXk,13.8776184,100.3873387
ChIJtR9Qz9SR4jARE8nlAqsg9xM,13.874957,100.3958609
ChIJAw_2jNWP4jARsMn_Mv8AJd8,13.8780883,100.3988117
ChIJeSZkUNOR4jARIiBEDHANEyY,13.8763394,100.3949647
ChIJWUpi14-R4jARhJ-Dxlxa27M,13.8746211,100.4013615
ChIJfbelfwCd4jARiVF-0tzP_zM,13.8710128,100.5350005
ChIJ5eMqdiSQ4jAR0kBlQPVpVF8,13.869265,100.4110298
ChIJyyl6J9iP4jARlRPDQWMBNg8,13.8792014,100.4059805
ChIJZ7H2l3GP4jARRPJcASMwZ04,13.8814335,100.4038058
ChIJIUsjmx-Q4jAR-ekdHq0lpC0,13.8743383,100.4179553
ChIJ6-jWnCKQ4jARdNQVLoZkKgE,13.8673963,100.4179385
ChIJM6QuRNaP4jARzmVZRw71TN4,13.8795035,100.4021812
ChIJZdbEpnOF4jAR1ckhPQ7lCsc,13.9131411,100.4591047
ChIJX6Iuz6aF4jAR32q-sYowSSo,13.9242484,100.4683939
ChIJGcz3zpGP4jARuYsfRfbWfPw,13.907009,100.4277748
ChIJFZhI6fKP4jARmpDCWC8u8bU,13.8975191,100.4302961
ChIJD9B6oXiP4jARsGbstiud9hA,13.9222123,100.4328515
ChIJ3-VZiVSO4jARheUKKmjzzzo,13.9189556,100.3921652
ChIJ2-4o-ISP4jARZrrmEE5u2aI,13.9148457,100.4311739
ChIJlZlQma6P4jARPGshFjPUZiY,13.9165149,100.4026198
ChIJ-SIri6yP4jARRC-d1fy73FE,13.9164087,100.397186
ChIJLXHBTHqP4jARdKQddPf9xT4,13.9114266,100.3993559
ChIJWduubquP4jARdOaD6_ACD5o,13.918849,100.396273
ChIJQ-DcDpKO4jARVEz06G3PJSI,13.9351232,100.3662744
ChIJbTbPIBaP4jARFwQXiPGa2II,13.931829,100.3644278
ChIJ-w01CJSO4jARI6UHnSz-aHA,13.9419872,100.3674638
ChIJOXwj_JWP4jARdaT-NzoaJL8,13.9402649,100.3621045
ChIJ4YjH7JCO4jAR_lET0fh3IOo,13.9405267,100.3623791
ChIJkXm1ZryP4jARY1muM5StiUE,13.929388,100.359149
ChIJzWr9XrqP4jARA83DIF3eICQ,13.9343277,100.3615642
ChIJHX0JHW-P4jARdqk03cFts_4,13.9341319,100.3623051
ChIJ6wy6oSCP4jARN0GvZwwJZ0M,13.9409193,100.3603341
ChIJdwuXPjmR4jARwlHANC3GCaU,13.8132471,100.3305066
ChIJpbDlwiCR4jARKov4MmnF1z4,13.8044119,100.3929678
ChIJQfT1-h-R4jARPmanOH-X0EM,13.8028346,100.3751305
ChIJMclSTc2R4jARsPysGma1aNA,13.8028866,100.3751231
ChIJy-35SgCR4jAR5Oorqxm6CeM,13.8084173,100.3679861
ChIJWYA1S7ub4jARvcx2gcC9BG8,13.8112235,100.3363629
ChIJi69HSiaF4jARiVjARj5Xp68,13.8873851,100.4814967
ChIJY7kin0eF4jARIetezxCWHJg,13.8906083,100.466768
ChIJmTd7SbmF4jARs48Omwgx4YE,13.8844497,100.466135
ChIJOzcE3jyF4jARrO9_g0WW8Zg,13.8941239,100.4720042
ChIJpYMgxcia4jAR98ZWJ_DFGro,13.8651782,100.4659693
ChIJcV1UP4GL4jARLo71quITgCk,13.9766003,100.3099671
ChIJq-67hkuQ4jARKFY-r5beB98,13.849289,100.397977
ChIJqwObR7OR4jARn_10C-woy9w,13.8477308,100.3940605
ChIJJX4MJCeR4jARl2e3tIokJsg,13.8425735,100.3910805
ChIJJ_sQCbeR4jARjidJWb14MqQ,13.8423075,100.3630439
ChIJFz3shMmR4jARiX5xNlhh0hw,13.8575047,100.3885087
ChIJe1paCDKS4jARGYoJdRPeKiI,13.8392055,100.3384722
ChIJt-UAjmyQ4jAREcoYupcImT4,13.8515098,100.4236536
ChIJx8yK8XeR4jARVCnD_8r99oE,13.8552769,100.4231492
ChIJxx_OdBOQ4jARplRy_c3migE,13.8566385,100.4235135
ChIJDzIhwJGQ4jARz1MNEbscVrQ,13.8178642,100.4241774
ChIJKS6HR-mQ4jARcrMYO1q6dXM,13.8135289,100.4099502
ChIJE4Js1ouQ4jARc-VjP_ct4ng,13.8274962,100.4227021
ChIJn-cngImQ4jARCWemY1Yvw4g,13.8281054,100.4226844
ChIJLxxhCmOQ4jARYcCYGx0HaMY,13.8347335,100.4260667
ChIJx5vpa4OR4jAR-Amc0gYeZiA,13.8274747,100.4110567
ChIJOfxc9oyQ4jARrMCifVhzO3A,13.823727,100.4197787
ChIJud4H8iyR4jARyhM0cfNUtzQ,13.815572,100.426101
ChIJ5VYTdaeQ4jARf6vaolobVjs,13.8026117,100.4323935
ChIJw3_fB1Wb4jAR8nj_DRBRXAg,13.8053731,100.443729
ChIJAQCdEsCQ4jAR_XhPhWzpqEY,13.8048925,100.4168321
ChIJ3T7qc76Q4jARC913MbMBMps,13.8059149,100.4230914
ChIJ4x54ecOQ4jARFojV_TtY94I,13.8026827,100.4084455
ChIJg6PLb8GQ4jARZWQn2RPdPzM,13.804143,100.4124481
ChIJ9fa6ZuCQ4jARGe60d00S6bg,13.8100481,100.3968911
ChIJx3rSSO-Q4jARcBAQy8GFk2k,13.8150634,100.4070632
ChIJYXxCfvuQ4jAREVQcJ_bLAgY,13.8231851,100.4001739
ChIJPcmxJe6a4jARZ-PKnMmhhDY,13.8409148,100.4697394
ChIJB0k9rFmb4jARxKbdGVgn5bg,13.837536,100.4773739
ChIJe7-Hxuua4jARaxlAu_JbWvI,13.8478532,100.4668204
ChIJhSIXchCb4jARH3qr0Dkqb5o,13.8407751,100.4964994
ChIJK-M0RwCb4jARh8P0zSs2BQI,13.8477918,100.4854775
ChIJXfb8C-Wa4jARZrKzaObX20A,13.844329,100.4828599
ChIJ6Tlr8ZSb4jARr-FCN_xo4aY,13.8402936,100.4700197
ChIJzy4Golma4jARH9VGqXH06Bg,13.8109992,100.4769643
ChIJJdbXhUqa4jARbAq7SUTVCCc,13.805811,100.4825932
ChIJXTFUz0ma4jAROw8Yq2pF1fA,13.806554,100.4770051
ChIJSS5w_0ma4jAR7z25QxgFNEQ,13.805876,100.4789285
ChIJ3R0w8zGa4jAR8RF07HmIUZQ,13.7954436,100.4785179
ChIJt27xwjGa4jARARbwu-ig1Xs,13.7953622,100.4776981
ChIJARmU9jqa4jARV9DIj0ro3_g,13.7969626,100.4715774
ChIJxfum9CSa4jARXy6mUbYHnMo,13.79226,100.4691774
ChIJpw4Tlzma4jAROIRH-iYl1oA,13.8010147,100.4713457
ChIJ2SKs9kia4jARFQ2Jzf7PqFc,13.8080296,100.4738787
ChIJK0yJFUaa4jAR8fBdpnaM5QQ,13.8099995,100.4721914
ChIJzfDrlJab4jAR92bJd5J7qek,13.8117793,100.5056467
ChIJ30JRF-ab4jARGvLoEiYhT-E,13.8114816,100.501312
ChIJuXFO5HGb4jARRGcHrheOK4g,13.8163058,100.502929
ChIJUY-zG7qb4jARXNzN1TG_J6o,13.8113436,100.4974539
ChIJewOR6LuQ4jARS0mOr1I1dCQ,13.8009289,100.4235577
ChIJR30TJbeb4jAR5UfDtcHQ8to,13.809735,100.4936327
ChIJ-x0edL-b4jAR0ey6mkdMpIc,13.8063477,100.4886886
ChIJ38VuILub4jARjvNjed-wp3k,13.8059517,100.4881176
ChIJ2xJ_wsiF4jARqXge_C18B1Y,13.9159687,100.4968968
ChIJs8FI9_mE4jARBPO8eHxzEJw,13.9133734,100.495506
ChIJr-L22vCE4jARfMkVYXmnzZY,13.9133739,100.4932556
ChIJTcGTvfCE4jARkqdX_0SbiRU,13.9121127,100.4970077
ChIJYeJ7qJ6E4jARRBsCYawBWpo,13.9005789,100.5246669
ChIJ9aPVXuSE4jARcVRQvoDDvqY,13.9048723,100.4920103
ChIJHXv0YuqE4jARkhjsQcwhnyk,13.8969639,100.5042125
ChIJRVowhVeb4jAR8Y4UPJncqx4,13.8388632,100.5153352
ChIJX83Q_2GD4jAR0mMJQSJzZZI,13.900626,100.5293792
ChIJwyAkY6OE4jARzvFtBX35iy8,13.8899751,100.5205896
ChIJlV7sE2SD4jARfWFAkkURIBg,13.9000453,100.53582
ChIJg6N9-3yD4jARdJsmpT7m29k,13.882216,100.5434261
ChIJ4Zenlf-D4jARfqDLo3UxKl0,13.8850258,100.5383529
ChIJTYEfUOqD4jAR6rC6Ptk2_UA,13.9413019,100.5513859
ChIJJQghMe6D4jARODMyP3tcLFY,13.9481406,100.5430276
ChIJ9Tnn87aD4jARbTGZl98HNMU,13.9413141,100.5449033
ChIJkbN3TOuD4jARKdRoX7L-9Ks,13.939218,100.5476033
ChIJ8SqAe5SD4jAR5rtXitm1HPo,13.9372563,100.5468237
ChIJMXPlB5eD4jARCpijiytz1rY,13.9304287,100.5492973
ChIJI5UAngqE4jARXCkxFOJK8A8,13.9426276,100.5296543
ChIJGaReqnKD4jARb6d2tsjVFBE,13.905471,100.5519223
ChIJszrXo7uD4jARJTiDx2epaNE,13.9309225,100.5589532
ChIJMUaK6XSD4jARZ2CtNSZbkXc,13.9126065,100.5517167
ChIJl7BxuQyE4jARHRfOsrjnUBU,13.9418976,100.5232616
ChIJV5NMIkOE4jARU9FIRqQK1Ug,13.9315638,100.5062545
ChIJyT3_DyOF4jARpxGkHfHG4_s,13.947452,100.4977943
ChIJFWXbH1-E4jARO89LXPD7xv4,13.9239848,100.5037025
ChIJYd1qEACF4jARZ0nfdOa0upQ,13.9217293,100.5131264
ChIJU4WFw9yF4jARNm-Xzkn1tj4,13.9360195,100.4566656
ChIJb_itCIGE4jARpEpVCpHIjpM,13.913779,100.525915
ChIJkTeStNOP4jAR_tSuyNS-_G0,13.918386,100.4224848
ChIJ_WsD-J6P4jARloZfd8OSeEo,13.919503,100.420715
ChIJfZOVIJqP4jAR_EFrCOzw7pc,13.9167236,100.420028
ChIJIy2TuamP4jARl40WFeLDe5o,13.9120192,100.4308044
ChIJ64u0q5-P4jARdbcb6_bmaG8,13.9206809,100.4174423
ChIJTUMlOpqP4jARN8fkGxC5mSc,13.9149762,100.4230366
ChIJl1dE-vCP4jARWgAIwVfgHzA,13.9107915,100.4246745
ChIJT7m5XpCP4jARpH8VG5aO4oc,13.9090314,100.42576
ChIJmwG9IQCP4jARrebxDnpE8Nk,13.9355563,100.3976191
ChIJhcRP94GP4jARry96MnPI6oQ,13.9224354,100.4193751
ChIJ4b07-paP4jARWUccOCbeWxY,13.9251713,100.4159403
ChIJV79kIwCP4jARDyx-PQH6CWs,13.8890825,100.4377091
ChIJq3ydgf6P4jARc9dR74KpBhU,13.8792201,100.4342552
ChIJ3wf0URGP4jARU0DSChcuse4,13.8802012,100.4321617
ChIJmezG2Y6P4jAR2Ocj0e-CjJ4,13.9107116,100.4069375
ChIJ0ZdhM_SP4jARgH9CuzAe4lg,13.9080593,100.4088202
ChIJXcoRwruO4jARUS6dNkCjFzA,13.9352739,100.3968469
ChIJgSaidZKP4jARgxD-gl-Sw-c,13.9031844,100.4280082
ChIJz-LPoqCP4jAR00wElIRUbHk,13.9220127,100.4130281
ChIJMcm1Q-qP4jARdxFOE8F7fUE,13.8909644,100.4219548
ChIJt6nmZ-2P4jARnOc6jO9GDec,13.8977216,100.4277394
ChIJ2a7Am5SP4jAR4HH2HU3iaFQ,13.8828436,100.4130879
ChIJ6zyt7PKP4jARFqKG7K1pAYA,13.8969402,100.4291904
ChIJh2hFlpaP4jARHJT3k-3Po-c,13.9061084,100.4211847
ChIJh42pF0OO4jARPZ4IZhc8zDU,13.9112856,100.3759082
ChIJpa5ERuKP4jAR2-4xC4bZzPc,13.9018243,100.409157
ChIJpZ8cJKKb4jAR9W5WfU0oeNw,13.8217221,100.5053559
ChIJv69VcACb4jARSJQqvlAuW2w,13.81882,100.50515
ChIJ6VbwbFmb4jARZLBEyK-U92E,13.8254691,100.4818733
ChIJmwhDjg-b4jARYlRNKKzuqho,13.836974,100.4964722
ChIJBYbTGNCb4jARx9x73FuGk-w,13.8370805,100.4934236
ChIJ9-JdKRGb4jARAzlQkJVXKoU,13.8441758,100.4985182
ChIJjVTn9xqb4jARmmcApnJK2r0,13.8419926,100.4938461
ChIJlwjZvyKb4jARFy_dmJtrT1o,13.8520194,100.4948452
ChIJ52qoHLyKAjER3xDgCGAktNM,12.596492,100.9627551
ChIJnQc8OS-b4jAR45068mRQuyI,13.846596,100.519904
ChIJu2C8R1yb4jARaBmA7RU8nBM,13.8537638,100.5227505
ChIJATGA0UCb4jARLkV1GpdF8OU,13.8552814,100.5093955
ChIJmQ3Teveb4jARjN8ydz-DpYI,13.8546484,100.5042824
ChIJWY7FOU-b4jARpCoZnICtLso,13.862597,100.5134951
ChIJ8VkzAQ2b4jARgzUdQi1Xie8,13.8373322,100.5045658
ChIJCUP7xA2b4jARokpHcj9pySI,13.8367517,100.5021874
ChIJr_U5mmWb4jARL66dAR6ebFU,13.8347551,100.5219878
ChIJL12-7rKE4jARvm5-6Jc6Biw,13.8743406,100.5165081
ChIJebkNYXqb4jAR9rLjOZkyhrk,13.8349906,100.5194983
ChIJuw_AgHSb4jAR1LfjgGNSRIw,13.8324612,100.5074052
ChIJZVHxNZ6b4jAR_i_qYgI-YHo,13.8264558,100.5101843
ChIJ5wWK9Z2b4jARQ-_0sOEiL_g,13.8268498,100.5139
ChIJCQ4Y_XuK4jARtiMVlXuBia4,14.058752,100.3111122
ChIJv6rd2LGc4jAR_kXBBOcICHA,13.8632569,100.5398399
ChIJXRCz-aec4jARVsg6SZDKVxc,13.8582045,100.5271505
ChIJJXY5tZ-c4jARoJk9Xgh9LTc,13.8463263,100.5330248
ChIJr-9DW6Sc4jARAXyQAb4KTto,13.8562134,100.537515
ChIJCwpz3G6d4jAR5TwPJ_W945o,13.8533178,100.5379806
ChIJo8EfaDeb4jAR-a3Oh3wenxI,13.8636071,100.5028763
ChIJnxonEMqg4jARythIur9eSyo,13.599947,100.5962166
ChIJK6cFXOuF4jAR-5v3i3gIknY,13.8782507,100.488427
ChIJ8WGLYjMoTTARVcqxzrtYAUc,6.9915151,100.4826461
ChIJ62pKvuub4jARD8AA2frrYFs,13.8684347,100.5001878
ChIJny_RoCGb4jARjDIhD_U03k4,13.8619167,100.518981
ChIJy1jxqVOb4jARPCJ2z1V6H_8,13.8690551,100.5214158
ChIJXzfWF8Ob4jARQOrxpqMV7sY,13.8701049,100.5079114
ChIJnbArmNSa4jARmPhZDpusjuY,13.8725273,100.4797056
ChIJ714Uuiib4jARPKvtyDHZv_M,13.8632239,100.48947
ChIJ6znletaE4jAR41JVeOEquho,13.8623997,100.48191
ChIJ-9uRoNaa4jARK737imCo_E0,13.8678271,100.4814981
ChIJienq9dOE4jAR___kd2jy-Ss,13.8781129,100.4905351
ChIJdYJcSGGb4jAR466OBdHyAQE,13.8521219,100.5348416
ChIJEWZDBX-F4jARPcNlFRdFMSY,13.8826281,100.4871855
ChIJwXeWlAqE4jAR7yAfGNPqzQg,13.942398,100.5280685
ChIJIQsNLzWb4jARsbCnfsL2aeI,13.8723797,100.5047812
ChIJ8zuA2wyF4jARuVYkv1EyCbE,13.8820961,100.4935565
ChIJnzHe7dmE4jARXkeuHFsD4KI,13.886155,100.4890462
ChIJM_pcE9CE4jARGBvI7GCh4Ks,13.8871995,100.4960958
ChIJ2YUzfUmF4jAR9IlLaScokO4,13.8811738,100.4582678
ChIJGU9wJFuF4jAR5AoGCDYaL4Y,13.8815361,100.5003246
ChIJ401f57OE4jARrHx6sPj553U,13.8765515,100.5058719
ChIJAw5XzLOE4jARCNlROWsU08E,13.8773454,100.5153607
ChIJw8ZsO62E4jARzj-EgF5Asnw,13.8731534,100.5200337
ChIJf9Br06yE4jARDzXu5i9YX94,13.872441,100.5216104
ChIJ8_NMKa2E4jARJ69jPp3Sm_g,13.8760057,100.5272756
ChIJWWsquN-b4jARJV01JRXtgBQ,13.8693158,100.4684164
ChIJ3WuwcGmb4jAR14BV2vDXb5E,13.8878882,100.5108673
ChIJGdV9aMOE4jAR0f5YgutbDCo,13.8912344,100.4974273
ChIJrRdfyLqE4jARSiquhw5XVQc,13.8855155,100.5179256
ChIJo53Rb6iE4jARsKgG2DeuBmA,13.8825502,100.5272695
ChIJLz1jnneD4jARoim76DBCFDc,13.880671,100.5311388
ChIJxYbXklCD4jARF-rnNcqL-FU,13.8816681,100.5371798
ChIJp0-e2E2D4jARU14EcjlJ4i8,13.8789433,100.5437073
ChIJnfEXrMCD4jARBXr1n_5BQfQ,13.8775805,100.5317387
ChIJW6fv_b6E4jARuVJ0FPawaDU,13.8924805,100.5103337
ChIJcbIeJ7ub4jARLcMxvr90Pow,13.8326189,100.4955338
ChIJOyTBXKab4jARrInT9E_WkgU,13.8244698,100.4982063
ChIJ_1Eka6Sb4jARMRvYRDpFr2I,13.8202141,100.4997248
ChIJ04sD-3eQ4jARsLlv_olwmT0,13.842169,100.4391228
ChIJk1UIoU6F4jAR4mdQndNMwpI,13.8811209,100.4555463
ChIJ-5KEVVeb4jARL9s6HrJcaAQ,13.8633184,100.4466894
ChIJd2-ZPq2a4jARSAEfGZGZUsM,13.8741363,100.4491297
ChIJh7iVqk-b4jARZGmIUk8w8m4,13.869472,100.4619607
ChIJ0xBXK7Sa4jARJGg_GhaLyAA,13.869591,100.45929
ChIJo30s-0iF4jAReLlGAZ44yEs,13.884096,100.458635
ChIJywvtTJ2Q4jARyjaCTlE6wE8,13.8183981,100.4387033
ChIJbwFIl7mP4jARAyQZ7j03bC8,13.9521859,100.3658425
ChIJ_RVywwua4jAR9fU7utsWqnE,13.8024393,100.4436433
ChIJtxTaC02Q4jARwCgiE8zjrSk,13.8451482,100.3976691
ChIJMxVXmy-Q4jARDD_R2MtlUPI,13.8691723,100.4054341
ChIJVVVVVeWO4jARfEFrP-AFG50,13.8833845,100.4100052
ChIJ3_18byGO4jARA5_MgutZoqk,13.883552,100.3764125
ChIJ7bpcjQqQ4jARhAqmis-OehM,13.8551686,100.4383202
ChIJ1xiMIyiQ4jARCoxwiSmHVns,13.876862,100.4042222
ChIJ4wDCNQyS4jARgyo8YKhurKM,13.8721253,100.3316203
ChIJb333IfiR4jARJ_ZbsLmsXuI,13.8672172,100.3519105
ChIJQWsatYaP4jARIDolBu7qk50,13.915951,100.4353054
ChIJo6ZWuMKO4jAR1UCnD0lIqP4,13.9484815,100.3827113
ChIJX-BbgcCO4jARrFFd3vOLbvM,13.95059,100.372538
ChIJZ137S7mO4jARQsY0oszGDg8,13.953658,100.367724
ChIJFdAKYhCP4jAR7ieOT8umsVs,13.9363876,100.4084455
ChIJKzNbG92O4jARSzjgkkXbzo8,13.9493721,100.3957993
ChIJiXyNmxmP4jAREP8Vts_y7LM,13.9413336,100.4035541
ChIJse3JUsiI4jARay9OP9HmMC4,13.9770113,100.4150671
ChIJY2kE_M-N4jARTi21OPuogUQ,13.9136163,100.3385764
ChIJAUJAo3yO4jARqpAMTZ-vQZI,13.919933,100.359883
ChIJPw7b-2SO4jAR4KC5kOQfffk,13.916762,100.363439
ChIJF_zFGvOO4jAR6ogqeq7OKlw,13.932396,100.374308
ChIJwfsYMR-O4jARmtF158tXwOo,13.8840909,100.3703399
ChIJBTPaF3qP4jAREtaOHuc4pDk,13.9286991,100.430253
ChIJCUpcUGiP4jAROuqSYvznKpA,13.9368339,100.4321412
ChIJtXBxxD6J4jAR6hOTL1dCabI,13.9885174,100.3756644
ChIJQUWlQjaP4jAR_qmHboaDSl8,13.964057,100.4173969
ChIJLSf4XRyQ4jARpPYPtlC2Eq0,13.872148,100.425214
ChIJGZR-kOKP4jAR2rS_DEKVdMo,13.877113,100.426471
ChIJOdUHrOx14jARP4xXm4vY7vo,14.3501437,100.6022845
ChIJDXH99tGP4jAROqT4C4T0Cgc,13.8876433,100.4009226
ChIJdZNCy86P4jARARNIDKsSt_4,13.8945654,100.4019421
ChIJtwY2jh-Q4jARPsX2jjCXSgc,13.874807,100.417797
ChIJVWJEE12P4jARerRnvyFddA8,13.90122,100.4225258
ChIJa8y-fhmM4jARAJshZlZS8tA,13.95415,100.341647
ChIJ7yt4DQeM4jARTB6Kp6NOPjo,13.970007,100.342028
ChIJgTAo1waM4jARQu5SC3tkErY,13.968353,100.343646
ChIJ4xYycw-M4jARxNlXC-DGlSQ,13.9637007,100.3371747
ChIJvRFs3uGL4jARwnJXiVd7YCs,13.9856966,100.3243459
ChIJvVwzV3SP4jARN8BpS74NHro,14.112453,100.3256516
ChIJV6duDPeL4jARRK-s7D0paPc,13.975112,100.336918
ChIJtYne_PaL4jARRvaq5ZMDyrQ,13.975387,100.335562
ChIJ-zKqOweM4jARgspYQRaP0Xg,13.969596,100.34328
ChIJ0eWPuVVjHTERlBTOm4NpDW4,13.8605227,100.7079691
ChIJ7-D80FmE4jARNAH2rNYsmGM,13.922571,100.496357
ChIJsR7EWrCF4jARpP1A-zNTiZM,13.9336646,100.4752573
ChIJcb3I3LOE4jARnXX9fd920n0,13.8777074,100.5140599
ChIJBfvGyteP4jARrWhFLSt1QVQ,13.8791133,100.4037881
ChIJO3KSV3-P4jARn17yEh9FCqM,13.862939,100.4191029
ChIJoSbNyYCP4jAROD_ccjgwYho,13.9165034,100.4378571
ChIJUT8bc4WP4jARVD8nmKRo4wg,13.9119675,100.4312033
ChIJwW5p4tOF4jAR53qKKbuvEPQ,13.9247313,100.4536432
ChIJs4aHI4qP4jARzdkG5W41WlY,13.9039453,100.4378489
ChIJ9XyYU82P4jARPX7Yh8__fDc,13.9166424,100.4299459
ChIJ3a-XiKyP4jAR_CmwqmcSW0I,13.9172868,100.3958053
ChIJeTciZ7KP4jARl_Hpn8IGO38,13.9364132,100.3593605
ChIJO-MtFayP4jARLWlWrFEYT1M,13.916335,100.3989452
ChIJLzcp1S6M4jARoxmPA40FsQg,13.9317057,100.348017
ChIJXxPxeMQG3zARh6Dq9zqQ1sI,16.585353,99.4370604
ChIJ3YUFlzeF4jARgimBTl7wtd4,13.8848303,100.464077
ChIJ15NglDeF4jARrj92HQk6enE,13.8849035,100.4636962
ChIJvZ-aH0qF4jAR8DZHAYzOZtY,13.8805116,100.4607927
ChIJLZapvcua4jARotRUzwxw8vQ,13.870911,100.466204
ChIJfSgIhtqa4jARtqB3TS_lo-E,13.8626283,100.475542
ChIJG4apos6a4jAR6gpV68ZvWt0,13.868153,100.4691325
ChIJzcouHG2Q4jARi9Ag_II2Wyk,13.851706,100.425812
ChIJU2nn_wqa4jAR-rB2B4ey5ag,13.804262,100.442437
ChIJg-vIQO-Q4jARtQZ6ipSYImc,13.8230731,100.4026764
ChIJQysOOuOQ4jARqMJgf0Wyzy4,13.8194037,100.3986214
ChIJj5_R_-Oa4jARXk9gc-tuscI,13.845474,100.479149
ChIJ1TLiBeWa4jARXLS0I_YvCwk,13.8423458,100.4762783
ChIJ9xLsKhyb4jARK_nehoq7QBA,13.845018,100.487563
ChIJo7HVdeGa4jARQQVa1IB-hqc,13.846044,100.4814869
ChIJP_UHQuGa4jAR8_KBNcPeT3Q,13.8465118,100.4804452
ChIJCdS2RuGa4jAR36C_bCd_uYo,13.8466626,100.4800586
ChIJf0fRBwCP4jARyA-UhrGATA4,13.9573084,100.4156448
ChIJMfh10pWb4jARDQ5YPzRDCmY,13.8092437,100.509645
ChIJ_ej6cr-b4jAR3lUWGhxwdZQ,13.8055948,100.5039165
ChIJ2WL_zbyb4jARjnSV6GAuGrk,13.8155384,100.5039009
ChIJb_KgPLqb4jAR7ut4MN3EDOw,13.8113352,100.4975695
ChIJL5an-7eb4jAR6hf4LR_auyc,13.8051575,100.4952938
ChIJRWozF1-E4jARCUkMtGDzuTs,13.920861,100.503452
ChIJ0-3R1ieF4jARj7LRqi2untc,13.9085654,100.5234039
ChIJLzG56-yE4jARTVsENY4qnS4,13.903279,100.5054687
ChIJ90mzQuyE4jAReSSjGnQyd10,13.9028384,100.5043922
ChIJQeOHWG2D4jAR4sXsN7AALIE,13.9326204,100.5547567
ChIJ2YMEbPWE4jARV6R7TUzXvyM,13.9176761,100.505335
ChIJIU9UOumE4jARPGFosyvkJpg,13.9011297,100.4996176
ChIJDf7YP-OD4jARUuHXhYbSlkk,13.8956067,100.5305784
ChIJkahmyryE4jARbjh_rpd2N2c,13.891099,100.518162
ChIJ42t3tmmD4jARohGCYDKiIWM,13.895762,100.544042
ChIJc27vkECD4jARjzX56zMkLWY,13.8901452,100.5512523
ChIJe1-PqE-D4jARw-INmPCGKVE,13.8805916,100.5434726
ChIJr9U2DUiD4jARffLILIwUR0c,13.8820829,100.5508943
ChIJ71awB7-E4jARxPifp9x2mAQ,13.9468856,100.5566612
ChIJWac60-6D4jARvt_mXB5vmys,13.9468888,100.5456395
ChIJg_w6NOWD4jARK27RFT_GwOI,13.9526643,100.5408561
ChIJOxWtLO-D4jARxOJKGyHmUL0,13.948865,100.546482
ChIJxYd1RvSD4jAR0et0fMNV3zU,13.9443453,100.5331491
ChIJwX3GzPeF4jARK-P-LTvOQR8,13.9317816,100.5112912
ChIJox9vfvuD4jARoT_zf1N14ho,13.9318876,100.5388336
ChIJA0xOC7yD4jARYrxAd7Qm-Zc,13.9343598,100.5578092
ChIJ-Uw1fnuD4jAR2STOFHYhco8,13.9394416,100.513282
ChIJidQuqm2E4jARdGFQP2CC82o,13.9370512,100.5151287
ChIJy6TSxGeE4jARU-UdGUNYJzs,13.9296031,100.5091188
ChIJrWUKdHaF4jARKJA38Igol7s,13.9320222,100.507735
ChIJAy_vt2KE4jARYAo63okwzLw,13.9196143,100.51771
ChIJW_CX64uE4jARxsD93_DWKDU,13.913938,100.511554
ChIJhUcQLIiE4jARPpF6DZ0cHaw,13.917908,100.51585
ChIJr_NjLXOE4jAR4ECU9n1V6Dc,13.9107614,100.5260611
ChIJod3kStqF4jARn2dwwSrZO7I,13.9138951,100.5218411
ChIJo_lqDACF4jARqqHaHYp_TpE,13.9041114,100.5277783
ChIJv7H1I3eD4jARtBtAShTlQR8,13.9120153,100.5433668
ChIJ2wBvQbaD4jAR6naLWmO0Qus,13.9053984,100.5501282
ChIJtdsmlGWD4jARSFGKnq43eaU,13.901888,100.539694
ChIJtfSC5mSD4jARgU_07y4I0Co,13.9039997,100.5375735
ChIJYX_XHeqD4jARGVuhuPoxXLk,13.9043008,100.5330515
ChIJGZhCf6CP4jARDiTXsHxbvW4,13.922631,100.414638
ChIJM2YF0aOP4jARv_2qKkd__Pg,13.9164548,100.4138922
ChIJcUWwlI2P4jAR4cYKbK-v_v8,13.9034434,100.4296613
ChIJJVvNFPGP4jAR4hv0v1l5dnA,13.891861,100.43241
ChIJ79iQEIWP4jARPYfR7GuRcGA,13.899722,100.4373007
ChIJpzrECfWP4jARjkt8tCaY0Ok,13.895991,100.437782
ChIJuSjhjsua4jARdBOoupvA5no,13.8708513,100.4673063
ChIJLVGgP_eP4jARpEj13rcSPEo,13.888979,100.435275
ChIJI-VyUPKP4jARatfF-3WOjr8,13.895619,100.43056
ChIJZy6RbaGb4jARkEX9h2Jsfnk,13.8216718,100.5032851
ChIJAbRcmKCb4jARCc008YO1QnE,13.8267409,100.5030024
ChIJg9tRfQmb4jARK4MIXRdLUaM,13.830937,100.501429
ChIJeeu_2WGb4jARRvGJtcCOtIU,13.8415668,100.4962718
ChIJP0_7Wyab4jARSwVzmT6UoFI,13.8425581,100.49654
ChIJD3al4Rmb4jARS-F2EZuY81o,13.8464885,100.495705
ChIJB_cMRxqb4jARxUTkDhsfh6M,13.8454192,100.4916603
ChIJhyV1xWmb4jARmxsbHzOtQGo,13.84869,100.5147
ChIJecyuskOb4jARdJDxoWIT0sg,13.8448196,100.5135936
ChIJf_O7kceD4jARokaJv--vrXo,13.8501211,100.5086097
ChIJqZDNgWqb4jAR115uon1lUzY,13.8500789,100.5098593
ChIJHSLFrRub4jAR9aE73BoMLDU,13.8426533,100.4927542
ChIJZXZANbqc4jARYQaEOEKCmpA,13.8567557,100.5450525
ChIJ-bMAtlub4jARCFLn-VNRg1c,13.8574045,100.5229653
ChIJcVAaYUSb4jARUvNKXU-4NDw,13.8566079,100.5153171
ChIJOZ-9Qvib4jARc8MHhC70-WQ,13.8548218,100.512942
ChIJ8dqarKSc4jARFWHm4NJVFi8,13.8547516,100.5406154
ChIJ4yUomDqb4jARDTNrzEdE2Do,13.8554253,100.5071759
ChIJ6ybSRwCb4jARufeU0Z1Awr4,13.8582114,100.4984772
ChIJsaJH8jub4jARrDLG2F-fgk0,13.8564007,100.5048168
ChIJmWVh9Tub4jARRZ4BZC9mcsY,13.8565441,100.5003142
ChIJJdbpOgub4jARGMLVq0sJBf0,13.8580068,100.4950571
ChIJZQAzhGyb4jARKYTsAEuUs_Y,13.8436756,100.5095192
ChIJuZzVPROb4jAR5_70XunY4Jc,13.8425819,100.5058713
ChIJWdpjXt6a4jARRwn7FagNhFM,13.8537661,100.4805983
ChIJH3Wdcsib4jARKFeqzn8FDtw,13.8435489,100.5046787
ChIJTRwHRRGb4jARTQdgzCGV-Uc,13.8437203,100.5005662
ChIJozWIkAKb4jARQMaB7BYE3Ho,13.8337204,100.5038407
ChIJ5ctYoXyb4jARk3CJ2__Nxrg,13.8265183,100.4681979
ChIJlx4MeCeb4jARgoLMfy22yT0,13.8595902,100.4852974
ChIJQbw5pnub4jARKrFjF4qPuAs,13.8371877,100.5130365
ChIJSUSWTxOb4jARsLo_qk-_kOU,13.8436836,100.5086927
ChIJQeBAlDub4jARZjm-TK8-bWw,13.8415512,100.4962815
ChIJgb5gr7Cc4jAR7Ro5l8P1qBs,13.8672666,100.5462252
ChIJ_3WgxKec4jARKE5ewPQEBT8,13.8599476,100.5312988
ChIJj6G0taic4jARyiU_4RjlT70,13.8615201,100.5349937
ChIJ96O0iKGc4jAR8wniPimuEk8,13.8509054,100.5349224
ChIJaZO1dGGb4jARyzh-C3bPE5I,13.8448419,100.5265426
ChIJZTsTkKOc4jARS2LmwHSmyUc,13.8532024,100.5394131
ChIJRfHfgLyc4jARmq8iggUGHiw,13.8538786,100.5433001
ChIJ55uNKTib4jAR_p0EJYSYmD0,13.861694,100.5044336
ChIJgUw4BDqb4jARjKFAYhiq65k,13.8614497,100.5010895
ChIJxfIsjtSa4jAR6f8mn_jVq38,13.8719026,100.4800843
ChIJ96xmwKOb4jARUPm-GBRe2lY,13.8623922,100.5133706
ChIJXZOX8Cub4jAR29dtBq2gOtw,13.8687373,100.4898167
ChIJjVHGpSqb4jAR9cLUM-TpCiA,13.8730272,100.4850201
ChIJq0STegCb4jARfC2UImJCZB4,13.864028,100.519548
ChIJ5fpNmVGb4jARM3WYa5hP1XA,13.8657172,100.5207376
ChIJH--8ygOc4jARqLwCjKBZrPY,13.7832207,100.5364377
ChIJeWWMG1Kb4jAR42zp3bWrmrM,13.8670233,100.5191842
ChIJ0ZZ_dbyb4jARv5LQwTcdAIY,13.8493927,100.5127003
ChIJdU0D7VGb4jARL-QUJ_T8D6E,13.8657279,100.519751
ChIJ35ZN3Naa4jAREpyDt6UL-vI,13.8659901,100.4801081
ChIJdcLpRi6b4jAR4kjWpT_F6vA,13.8659187,100.4942475
ChIJ0-uElSqF4jARZS0k7X9EvYA,13.8753751,100.4833681
ChIJF_Nfdl6b4jAR9D13vwX5KV0,13.8730829,100.4817347
ChIJiQ17KCqF4jARwUYoGPClQ90,13.8795851,100.4824732
ChIJEQPEu8iP4jAR_asWFBV8p94,13.8761929,100.4346979
ChIJeemcdTqb4jARWbhsd2nJcEU,13.8613495,100.4991103
ChIJa-Ds2dma4jAR_wkHb7pPTIE,13.8622746,100.4805778
ChIJD9yszamc4jARsFuxf_Ya3Yw,13.8638457,100.5304773
ChIJTalx-ciE4jAR9WE_p2lfPQo,13.8819257,100.5038131
ChIJpYZpwJWb4jARvfXiu-RgjdY,13.8623857,100.5133854
ChIJ0VHExO2F4jARsWADf0i_dCE,13.8766206,100.500178
ChIJIwe-ni6F4jARxNz7NxN2H3g,13.8729445,100.5199026
ChIJf8m3KLGE4jARvmqGV8-9w0U,13.880903,100.513415
ChIJD_O6frCE4jARIKlE4JyfefY,13.8832995,100.5158305
ChIJ7XEXi0qF4jARBWNTC6EEEJU,13.8897186,100.5012791
ChIJd1QbbMaE4jARX_K_k2qoyUs,13.8863629,100.5024475
ChIJyeoteq-E4jAREslM5cGLiPs,13.8832856,100.5214728
ChIJwfUtJUSF4jARwuBC7PzgpUg,13.8845809,100.5244059
ChIJFxCCtlCD4jAR02RHKGDc4y8,13.8818658,100.5350196
ChIJh5fWPVGD4jAR5b4KTVm6hT4,13.8791692,100.536481
ChIJH7026kuD4jARwhx1zqnTogg,13.8758734,100.5478845
ChIJiSV8OrOD4jAR6Fy9KDB5kWQ,13.877165,100.5311603
ChIJBVRv0wqZ4jARFmpjWvbKKy8,13.7594433,100.4870631
ChIJk0s37FWD4jARdgGbiolSMwM,13.876499,100.530543
ChIJaas4J6uc4jARiTkktwOG06g,13.870945,100.5326825
